{
  "orderNo": "string",
  "orderKey": "string",
  "distributorCode": "string",
  "distributorName": "string",
  "customerCode": "string",
  "customerName": "string",
  "customerReferenceNo": "string",
  "customerType": "string",
  "customerTaxRegNo": "string",
  "salesmanCode": "string",
  "salesmanName": "string",
  "purchaseOrderNo": "string",
  "warehouseCode": "string",
  "warehouseName": "string",
  "orderDate": "date",
  "createdDateTime": "datetime",
  "deliveryDate": "date",
  "shipToCode": "string",
  "billToCode": "string",
  "grossTotal": "number",
  "netTotal": "number",
  "netTotalTax": "number",
  "adjustedAmount": "number",
  "taxableAmount": "number",
  "nonTaxableAmount": "number",
  "taxPercentage1": "number",
  "taxPercentage2": "number",
  "taxPercentage3": "number",
  "taxTotal1": "number",
  "taxTotal2": "number",
  "taxTotal3": "number",
  "taxTotal": "number",
  "customerDiscountPercentage": "number",
  "customerDiscountAmount": "number",
  "productDiscountTotal": "number",
  "claimDiscount": "number",
  "promoDiscount": "number",
  "salesDiscount": "number",
  "cashDiscount": "number",
  "customerGroupDiscount": "number",
  "remark": "string",
  "reasonCode": "string",
  "reasonDescription": "string",
  "status": "string",
  "createdBy": "string",
  "visitKey": "string",
  "lineItems": {
    "productIndex": "integer",
    "productCode": "string",
    "productDescription": "string",
    "uomCode": "string",
    "productSalesType": "string",
    "defaultUomCode": "string",
    "taxableIndicator": "integer",
    "productQuantity": "number",
    "mrp": "number",
    "costPrice": "number",
    "productListPrice": "number",
    "uomListPrice": "number",
    "grossAmount": "number",
    "productDiscount": "number",
    "promoDiscountDetail": "number",
    "salesDiscountDetail": "number",
    "customerGroupDiscountDetail": "number",
    "cashDiscountPercentage": "number",
    "cashDiscountDetail": "number",
    "netAmount": "number",
    "netAmountTax": "number",
    "customerDiscount": "number",
    "taxPercentage1Detail": "number",
    "taxPercentage2Detail": "number",
    "taxPercentage3Detail": "number",
    "taxAmount1": "number",
    "taxAmount2": "number",
    "taxAmount3": "number",
    "totalTaxAmount": "number",
    "taxCode": "string",
    "remarkDetail": "string",
    "promo": {
      "promotionCode": "string",
      "promotionIndex": "integer",
      "promotionSequence": "integer",
      "mechanicType": "string",
      "discountPercentage": "number",
      "discountAmount": "number",
      "discountSpentAmount": "number",
      "productBuy": "number",
      "totalBuy": "number",
      "totalDiscountAmount": "number",
      "correspondingProductIndex": "integer"
    }
  }
}