{
  "distributorCode": "string",
  "salesmanCode": "string",
  "customerCode": "string",
  "orderNo": "string",
  "orderKey": "string",
  "warehouseCode": "string",
  "orderDate": "date",
  "createdDateTime": "datetime",
  "shipToCode": "string",
  "billToCode": "string",
  "grossTotal": "number",
  "netTotal": "number",
  "netTotalTax": "number",
  "adjustedAmount": "number",
  "taxableAmount": "number",
  "nonTaxableAmount": "number",
  "taxPercentage1": "number",
  "taxTotal1": "number",
  "taxTotal": "number",
  "customerDiscountPercentage": "number",
  "customerDiscountAmount": "number",
  "productDiscountTotal": "number",
  "claimDiscount": "number",
  "promoDiscount": "number",
  "salesDiscount": "number",
  "cashDiscount": "number",
  "customerGroupDiscount": "number",
  "remark": "string",
  "status": "string",
  "lineItems": {
    "productCode": "string",
    "productIndex": "integer",
    "productSalesType": "string",
    "uomCode": "string",
    "taxableIndicator": "integer",
    "productQuantity": "number",
    "productDiscount": "number",
    "uomListPrice": "number",
    "grossAmount": "number",
    "promoDiscountDetail": "number",
    "salesDiscountDetail": "number",
    "customerGroupDiscountDetail": "number",
    "cashDiscountPercentage": "number",
    "cashDiscountDetail": "number",
    "netAmount": "number",
    "netAmountTax": "number",
    "customerDiscount": "number",
    "taxPercentage1Detail": "number",
    "taxAmount1": "number",
    "totalTaxAmount": "number",
    "remarkDetail": "string",
    "promo": {
      "promotionCode": "string",
      "discountPercentage": "number",
      "discountAmount": "number",
      "promotionIndex": "integer",
      "promotionSequence": "integer",
      "mechanicType": "string",
      "discountSpentAmount": "number",
      "productBuy": "number",
      "totalBuy": "number",
      "totalDiscountAmount": "number",
      "correspondingProductIndex": "integer"
    }
  },
  "purchaseOrderNo": "string",
  "customerReferenceNo": "string",
  "deliveryDate": "date"
}